{"orderbooks":[{"baseAsset":"TATA","bids":[],"asks":[],"lastTradeId":6845,"currentPrice":109}],"balances":[["1",{"INR":{"available":9994713.000000002,"locked":5287.000000000008},"TATA":{"available":4080.3000000178417,"locked":9995919.70000002}}],["2",{"INR":{"available":10000000,"locked":0},"TATA":{"available":10000000,"locked":0}}],["5",{"INR":{"available":10000000,"locked":0},"TATA":{"available":10000000,"locked":0}}]]}